[{"description":"Christmas","types":[{"id":3,"version":1,"description":"UH"},{"id":4,"version":1,"description":"State"}],"closest":false,"year":2023,"holidayTypes":["UH","State"],"officialYear":2023,"observedDateFull":"December 25, 2023, Monday","officialDateFull":"December 25, 2023, Monday","officialDate":"2023-12-25","observedDate":"2023-12-25"},{"description":"Thanksgiving","types":[{"id":3,"version":1,"description":"UH"},{"id":4,"version":1,"description":"State"}],"closest":false,"year":2023,"holidayTypes":["UH","State"],"officialYear":2023,"observedDateFull":"November 23, 2023, Thursday","officialDateFull":"November 23, 2023, Thursday","officialDate":"2023-11-23","observedDate":"2023-11-23"},{"description":"Veterans' Day","types":[{"id":3,"version":1,"description":"UH"},{"id":4,"version":1,"description":"State"}],"closest":false,"year":2023,"holidayTypes":["UH","State"],"officialYear":2023,"observedDateFull":"November 10, 2023, Friday","officialDateFull":"November 11, 2023, Saturday","officialDate":"2023-11-11","observedDate":"2023-11-10"},{"description":"Labor Day","types":[{"id":3,"version":1,"description":"UH"},{"id":4,"version":1,"description":"State"}],"closest":false,"year":2023,"holidayTypes":["UH","State"],"officialYear":2023,"observedDateFull":"September 04, 2023, Monday","officialDateFull":"September 04, 2023, Monday","officialDate":"2023-09-04","observedDate":"2023-09-04"},{"description":"Statehood Day","types":[{"id":3,"version":1,"description":"UH"},{"id":4,"version":1,"description":"State"}],"closest":false,"year":2023,"holidayTypes":["UH","State"],"officialYear":2023,"observedDateFull":"August 18, 2023, Friday","officialDateFull":"August 18, 2023, Friday","officialDate":"2023-08-18","observedDate":"2023-08-18"},{"description":"Independence Day","types":[{"id":3,"version":1,"description":"UH"},{"id":4,"version":1,"description":"State"}],"closest":false,"year":2023,"holidayTypes":["UH","State"],"officialYear":2023,"observedDateFull":"July 04, 2023, Tuesday","officialDateFull":"July 04, 2023, Tuesday","officialDate":"2023-07-04","observedDate":"2023-07-04"},{"description":"King Kamehameha I Day","types":[{"id":3,"version":1,"description":"UH"},{"id":4,"version":1,"description":"State"}],"closest":false,"year":2023,"holidayTypes":["UH","State"],"officialYear":2023,"observedDateFull":"June 12, 2023, Monday","officialDateFull":"June 11, 2023, Sunday","officialDate":"2023-06-11","observedDate":"2023-06-12"},{"description":"Memorial Day","types":[{"id":3,"version":1,"description":"UH"},{"id":4,"version":1,"description":"State"}],"closest":false,"year":2023,"holidayTypes":["UH","State"],"officialYear":2023,"observedDateFull":"May 29, 2023, Monday","officialDateFull":"May 29, 2023, Monday","officialDate":"2023-05-29","observedDate":"2023-05-29"},{"description":"Good Friday","types":[{"id":3,"version":1,"description":"UH"},{"id":4,"version":1,"description":"State"}],"closest":false,"year":2023,"holidayTypes":["UH","State"],"officialYear":2023,"observedDateFull":"April 07, 2023, Friday","officialDateFull":"April 07, 2023, Friday","officialDate":"2023-04-07","observedDate":"2023-04-07"},{"description":"Prince Jonah Kuhio Kalanianaole Day","types":[{"id":3,"version":1,"description":"UH"},{"id":4,"version":1,"description":"State"}],"closest":false,"year":2023,"holidayTypes":["UH","State"],"officialYear":2023,"observedDateFull":"March 27, 2023, Monday","officialDateFull":"March 26, 2023, Sunday","officialDate":"2023-03-26","observedDate":"2023-03-27"},{"description":"Presidents' Day","types":[{"id":3,"version":1,"description":"UH"},{"id":4,"version":1,"description":"State"}],"closest":false,"year":2023,"holidayTypes":["UH","State"],"officialYear":2023,"observedDateFull":"February 20, 2023, Monday","officialDateFull":"February 20, 2023, Monday","officialDate":"2023-02-20","observedDate":"2023-02-20"},{"description":"Dr. Martin Luther King, Jr. Day","types":[{"id":3,"version":1,"description":"UH"},{"id":4,"version":1,"description":"State"}],"closest":false,"year":2023,"holidayTypes":["UH","State"],"officialYear":2023,"observedDateFull":"January 16, 2023, Monday","officialDateFull":"January 16, 2023, Monday","officialDate":"2023-01-16","observedDate":"2023-01-16"},{"description":"New Year's Day","types":[{"id":3,"version":1,"description":"UH"},{"id":4,"version":1,"description":"State"}],"closest":false,"year":2023,"holidayTypes":["UH","State"],"officialYear":2023,"observedDateFull":"January 02, 2023, Monday","officialDateFull":"January 01, 2023, Sunday","officialDate":"2023-01-01","observedDate":"2023-01-02"},{"description":"Christmas","types":[{"id":3,"version":1,"description":"UH"},{"id":4,"version":1,"description":"State"}],"closest":false,"year":2022,"holidayTypes":["UH","State"],"officialYear":2022,"observedDateFull":"December 26, 2022, Monday","officialDateFull":"December 25, 2022, Sunday","officialDate":"2022-12-25","observedDate":"2022-12-26"},{"description":"Thanksgiving","types":[{"id":3,"version":1,"description":"UH"},{"id":4,"version":1,"description":"State"}],"closest":false,"year":2022,"holidayTypes":["UH","State"],"officialYear":2022,"observedDateFull":"November 24, 2022, Thursday","officialDateFull":"November 24, 2022, Thursday","officialDate":"2022-11-24","observedDate":"2022-11-24"},{"description":"Veterans' Day","types":[{"id":3,"version":1,"description":"UH"},{"id":4,"version":1,"description":"State"}],"closest":false,"year":2022,"holidayTypes":["UH","State"],"officialYear":2022,"observedDateFull":"November 11, 2022, Friday","officialDateFull":"November 11, 2022, Friday","officialDate":"2022-11-11","observedDate":"2022-11-11"},{"description":"General Election Day","types":[{"id":3,"version":1,"description":"UH"},{"id":4,"version":1,"description":"State"}],"closest":false,"year":2022,"holidayTypes":["UH","State"],"officialYear":2022,"observedDateFull":"November 08, 2022, Tuesday","officialDateFull":"November 08, 2022, Tuesday","officialDate":"2022-11-08","observedDate":"2022-11-08"},{"description":"Labor Day","types":[{"id":3,"version":1,"description":"UH"},{"id":4,"version":1,"description":"State"}],"closest":false,"year":2022,"holidayTypes":["UH","State"],"officialYear":2022,"observedDateFull":"September 05, 2022, Monday","officialDateFull":"September 05, 2022, Monday","officialDate":"2022-09-05","observedDate":"2022-09-05"},{"description":"Statehood Day","types":[{"id":3,"version":1,"description":"UH"},{"id":4,"version":1,"description":"State"}],"closest":false,"year":2022,"holidayTypes":["UH","State"],"officialYear":2022,"observedDateFull":"August 19, 2022, Friday","officialDateFull":"August 19, 2022, Friday","officialDate":"2022-08-19","observedDate":"2022-08-19"},{"description":"Independence Day","types":[{"id":3,"version":1,"description":"UH"},{"id":4,"version":1,"description":"State"}],"closest":false,"year":2022,"holidayTypes":["UH","State"],"officialYear":2022,"observedDateFull":"July 04, 2022, Monday","officialDateFull":"July 04, 2022, Monday","officialDate":"2022-07-04","observedDate":"2022-07-04"},{"description":"King Kamehameha I Day","types":[{"id":3,"version":1,"description":"UH"},{"id":4,"version":1,"description":"State"}],"closest":false,"year":2022,"holidayTypes":["UH","State"],"officialYear":2022,"observedDateFull":"June 10, 2022, Friday","officialDateFull":"June 11, 2022, Saturday","officialDate":"2022-06-11","observedDate":"2022-06-10"},{"description":"Memorial Day","types":[{"id":3,"version":1,"description":"UH"},{"id":4,"version":1,"description":"State"}],"closest":false,"year":2022,"holidayTypes":["UH","State"],"officialYear":2022,"observedDateFull":"May 30, 2022, Monday","officialDateFull":"May 30, 2022, Monday","officialDate":"2022-05-30","observedDate":"2022-05-30"},{"description":"Good Friday","types":[{"id":3,"version":1,"description":"UH"},{"id":4,"version":1,"description":"State"}],"closest":false,"year":2022,"holidayTypes":["UH","State"],"officialYear":2022,"observedDateFull":"April 15, 2022, Friday","officialDateFull":"April 15, 2022, Friday","officialDate":"2022-04-15","observedDate":"2022-04-15"},{"description":"Prince Jonah Kuhio Kalanianaole Day","types":[{"id":3,"version":1,"description":"UH"},{"id":4,"version":1,"description":"State"}],"closest":false,"year":2022,"holidayTypes":["UH","State"],"officialYear":2022,"observedDateFull":"March 25, 2022, Friday","officialDateFull":"March 26, 2022, Saturday","officialDate":"2022-03-26","observedDate":"2022-03-25"},{"description":"Presidents' Day","types":[{"id":3,"version":1,"description":"UH"},{"id":4,"version":1,"description":"State"}],"closest":false,"year":2022,"holidayTypes":["UH","State"],"officialYear":2022,"observedDateFull":"February 21, 2022, Monday","officialDateFull":"February 21, 2022, Monday","officialDate":"2022-02-21","observedDate":"2022-02-21"},{"description":"Dr. Martin Luther King, Jr. Day","types":[{"id":3,"version":1,"description":"UH"},{"id":4,"version":1,"description":"State"}],"closest":false,"year":2022,"holidayTypes":["UH","State"],"officialYear":2022,"observedDateFull":"January 17, 2022, Monday","officialDateFull":"January 17, 2022, Monday","officialDate":"2022-01-17","observedDate":"2022-01-17"},{"description":"New Year's Day","types":[{"id":3,"version":1,"description":"UH"},{"id":4,"version":1,"description":"State"}],"closest":false,"year":2021,"holidayTypes":["UH","State"],"officialYear":2022,"observedDateFull":"December 31, 2021, Friday","officialDateFull":"January 01, 2022, Saturday","officialDate":"2022-01-01","observedDate":"2021-12-31"},{"description":"Christmas","types":[{"id":3,"version":1,"description":"UH"},{"id":4,"version":1,"description":"State"}],"closest":false,"year":2021,"holidayTypes":["UH","State"],"officialYear":2021,"observedDateFull":"December 24, 2021, Friday","officialDateFull":"December 25, 2021, Saturday","officialDate":"2021-12-25","observedDate":"2021-12-24"},{"description":"Thanksgiving","types":[{"id":3,"version":1,"description":"UH"},{"id":4,"version":1,"description":"State"}],"closest":false,"year":2021,"holidayTypes":["UH","State"],"officialYear":2021,"observedDateFull":"November 25, 2021, Thursday","officialDateFull":"November 25, 2021, Thursday","officialDate":"2021-11-25","observedDate":"2021-11-25"},{"description":"Veterans' Day","types":[{"id":3,"version":1,"description":"UH"},{"id":4,"version":1,"description":"State"}],"closest":false,"year":2021,"holidayTypes":["UH","State"],"officialYear":2021,"observedDateFull":"November 11, 2021, Thursday","officialDateFull":"November 11, 2021, Thursday","officialDate":"2021-11-11","observedDate":"2021-11-11"},{"description":"Labor Day","types":[{"id":3,"version":1,"description":"UH"},{"id":4,"version":1,"description":"State"}],"closest":false,"year":2021,"holidayTypes":["UH","State"],"officialYear":2021,"observedDateFull":"September 06, 2021, Monday","officialDateFull":"September 06, 2021, Monday","officialDate":"2021-09-06","observedDate":"2021-09-06"},{"description":"Statehood Day","types":[{"id":3,"version":1,"description":"UH"},{"id":4,"version":1,"description":"State"}],"closest":false,"year":2021,"holidayTypes":["UH","State"],"officialYear":2021,"observedDateFull":"August 20, 2021, Friday","officialDateFull":"August 20, 2021, Friday","officialDate":"2021-08-20","observedDate":"2021-08-20"},{"description":"Independence Day","types":[{"id":3,"version":1,"description":"UH"},{"id":4,"version":1,"description":"State"}],"closest":false,"year":2021,"holidayTypes":["UH","State"],"officialYear":2021,"observedDateFull":"July 05, 2021, Monday","officialDateFull":"July 04, 2021, Sunday","officialDate":"2021-07-04","observedDate":"2021-07-05"},{"description":"King Kamehameha I Day","types":[{"id":3,"version":1,"description":"UH"},{"id":4,"version":1,"description":"State"}],"closest":false,"year":2021,"holidayTypes":["UH","State"],"officialYear":2021,"observedDateFull":"June 11, 2021, Friday","officialDateFull":"June 11, 2021, Friday","officialDate":"2021-06-11","observedDate":"2021-06-11"},{"description":"Memorial Day","types":[{"id":3,"version":1,"description":"UH"},{"id":4,"version":1,"description":"State"}],"closest":false,"year":2021,"holidayTypes":["UH","State"],"officialYear":2021,"observedDateFull":"May 31, 2021, Monday","officialDateFull":"May 31, 2021, Monday","officialDate":"2021-05-31","observedDate":"2021-05-31"},{"description":"Good Friday","types":[{"id":3,"version":1,"description":"UH"},{"id":4,"version":1,"description":"State"}],"closest":false,"year":2021,"holidayTypes":["UH","State"],"officialYear":2021,"observedDateFull":"April 02, 2021, Friday","officialDateFull":"April 02, 2021, Friday","officialDate":"2021-04-02","observedDate":"2021-04-02"},{"description":"Prince Jonah Kuhio Kalanianaole Day","types":[{"id":3,"version":1,"description":"UH"},{"id":4,"version":1,"description":"State"}],"closest":false,"year":2021,"holidayTypes":["UH","State"],"officialYear":2021,"observedDateFull":"March 26, 2021, Friday","officialDateFull":"March 26, 2021, Friday","officialDate":"2021-03-26","observedDate":"2021-03-26"},{"description":"Presidents' Day","types":[{"id":3,"version":1,"description":"UH"},{"id":4,"version":1,"description":"State"}],"closest":false,"year":2021,"holidayTypes":["UH","State"],"officialYear":2021,"observedDateFull":"February 15, 2021, Monday","officialDateFull":"February 15, 2021, Monday","officialDate":"2021-02-15","observedDate":"2021-02-15"},{"description":"Dr. Martin Luther King, Jr. Day","types":[{"id":3,"version":1,"description":"UH"},{"id":4,"version":1,"description":"State"}],"closest":false,"year":2021,"holidayTypes":["UH","State"],"officialYear":2021,"observedDateFull":"January 18, 2021, Monday","officialDateFull":"January 18, 2021, Monday","officialDate":"2021-01-18","observedDate":"2021-01-18"},{"description":"New Year's Day","types":[{"id":3,"version":1,"description":"UH"},{"id":4,"version":1,"description":"State"}],"closest":false,"year":2021,"holidayTypes":["UH","State"],"officialYear":2021,"observedDateFull":"January 01, 2021, Friday","officialDateFull":"January 01, 2021, Friday","officialDate":"2021-01-01","observedDate":"2021-01-01"},{"description":"Christmas","types":[{"id":2,"version":1,"description":"Federal"},{"id":3,"version":1,"description":"UH"}],"closest":false,"year":2020,"holidayTypes":["Federal","UH"],"officialYear":2020,"observedDateFull":"December 25, 2020, Friday","officialDateFull":"December 25, 2020, Friday","officialDate":"2020-12-25","observedDate":"2020-12-25"},{"description":"Thanksgiving","types":[{"id":2,"version":1,"description":"Federal"},{"id":3,"version":1,"description":"UH"}],"closest":false,"year":2020,"holidayTypes":["Federal","UH"],"officialYear":2020,"observedDateFull":"November 26, 2020, Thursday","officialDateFull":"November 26, 2020, Thursday","officialDate":"2020-11-26","observedDate":"2020-11-26"},{"description":"Veterans' Day","types":[{"id":2,"version":1,"description":"Federal"},{"id":3,"version":1,"description":"UH"}],"closest":false,"year":2020,"holidayTypes":["Federal","UH"],"officialYear":2020,"observedDateFull":"November 11, 2020, Wednesday","officialDateFull":"November 11, 2020, Wednesday","officialDate":"2020-11-11","observedDate":"2020-11-11"},{"description":"General Election Day","types":[{"id":2,"version":1,"description":"Federal"},{"id":3,"version":1,"description":"UH"}],"closest":false,"year":2020,"holidayTypes":["Federal","UH"],"officialYear":2020,"observedDateFull":"November 03, 2020, Tuesday","officialDateFull":"November 03, 2020, Tuesday","officialDate":"2020-11-03","observedDate":"2020-11-03"},{"description":"Labor Day","types":[{"id":2,"version":1,"description":"Federal"},{"id":3,"version":1,"description":"UH"}],"closest":false,"year":2020,"holidayTypes":["Federal","UH"],"officialYear":2020,"observedDateFull":"September 07, 2020, Monday","officialDateFull":"September 07, 2020, Monday","officialDate":"2020-09-07","observedDate":"2020-09-07"},{"description":"Statehood Day","types":[{"id":3,"version":1,"description":"UH"},{"id":4,"version":1,"description":"State"}],"closest":false,"year":2020,"holidayTypes":["UH","State"],"officialYear":2020,"observedDateFull":"August 21, 2020, Friday","officialDateFull":"August 21, 2020, Friday","officialDate":"2020-08-21","observedDate":"2020-08-21"},{"description":"Independence Day","types":[{"id":2,"version":1,"description":"Federal"},{"id":3,"version":1,"description":"UH"}],"closest":false,"year":2020,"holidayTypes":["Federal","UH"],"officialYear":2020,"observedDateFull":"July 03, 2020, Friday","officialDateFull":"July 04, 2020, Saturday","officialDate":"2020-07-04","observedDate":"2020-07-03"},{"description":"King Kamehameha I Day","types":[{"id":3,"version":1,"description":"UH"},{"id":4,"version":1,"description":"State"}],"closest":false,"year":2020,"holidayTypes":["UH","State"],"officialYear":2020,"observedDateFull":"June 11, 2020, Thursday","officialDateFull":"June 11, 2020, Thursday","officialDate":"2020-06-11","observedDate":"2020-06-11"},{"description":"Memorial Day","types":[{"id":2,"version":1,"description":"Federal"},{"id":3,"version":1,"description":"UH"}],"closest":false,"year":2020,"holidayTypes":["Federal","UH"],"officialYear":2020,"observedDateFull":"May 25, 2020, Monday","officialDateFull":"May 25, 2020, Monday","officialDate":"2020-05-25","observedDate":"2020-05-25"},{"description":"Good Friday","types":[{"id":3,"version":1,"description":"UH"}],"closest":false,"year":2020,"holidayTypes":["UH"],"officialYear":2020,"observedDateFull":"April 10, 2020, Friday","officialDateFull":"April 10, 2020, Friday","officialDate":"2020-04-10","observedDate":"2020-04-10"},{"description":"Prince Jonah Kuhio Kalanianaole Day","types":[{"id":3,"version":1,"description":"UH"},{"id":4,"version":1,"description":"State"}],"closest":false,"year":2020,"holidayTypes":["UH","State"],"officialYear":2020,"observedDateFull":"March 26, 2020, Thursday","officialDateFull":"March 26, 2020, Thursday","officialDate":"2020-03-26","observedDate":"2020-03-26"},{"description":"Presidents' Day","types":[{"id":2,"version":1,"description":"Federal"},{"id":3,"version":1,"description":"UH"}],"closest":false,"year":2020,"holidayTypes":["Federal","UH"],"officialYear":2020,"observedDateFull":"February 17, 2020, Monday","officialDateFull":"February 17, 2020, Monday","officialDate":"2020-02-17","observedDate":"2020-02-17"},{"description":"Dr. Martin Luther King, Jr. Day","types":[{"id":2,"version":1,"description":"Federal"},{"id":3,"version":1,"description":"UH"}],"closest":false,"year":2020,"holidayTypes":["Federal","UH"],"officialYear":2020,"observedDateFull":"January 20, 2020, Monday","officialDateFull":"January 20, 2020, Monday","officialDate":"2020-01-20","observedDate":"2020-01-20"},{"description":"New Year's Day","types":[{"id":2,"version":1,"description":"Federal"},{"id":3,"version":1,"description":"UH"}],"closest":false,"year":2020,"holidayTypes":["Federal","UH"],"officialYear":2020,"observedDateFull":"January 01, 2020, Wednesday","officialDateFull":"January 01, 2020, Wednesday","officialDate":"2020-01-01","observedDate":"2020-01-01"},{"description":"Christmas","types":[{"id":2,"version":1,"description":"Federal"},{"id":3,"version":1,"description":"UH"}],"closest":false,"year":2019,"holidayTypes":["Federal","UH"],"officialYear":2019,"observedDateFull":"December 25, 2019, Wednesday","officialDateFull":"December 25, 2019, Wednesday","officialDate":"2019-12-25","observedDate":"2019-12-25"},{"description":"Thanksgiving","types":[{"id":2,"version":1,"description":"Federal"},{"id":3,"version":1,"description":"UH"}],"closest":false,"year":2019,"holidayTypes":["Federal","UH"],"officialYear":2019,"observedDateFull":"November 28, 2019, Thursday","officialDateFull":"November 28, 2019, Thursday","officialDate":"2019-11-28","observedDate":"2019-11-28"},{"description":"Veterans' Day","types":[{"id":2,"version":1,"description":"Federal"},{"id":3,"version":1,"description":"UH"}],"closest":false,"year":2019,"holidayTypes":["Federal","UH"],"officialYear":2019,"observedDateFull":"November 11, 2019, Monday","officialDateFull":"November 11, 2019, Monday","officialDate":"2019-11-11","observedDate":"2019-11-11"},{"description":"Labor Day","types":[{"id":2,"version":1,"description":"Federal"},{"id":3,"version":1,"description":"UH"}],"closest":false,"year":2019,"holidayTypes":["Federal","UH"],"officialYear":2019,"observedDateFull":"September 02, 2019, Monday","officialDateFull":"September 02, 2019, Monday","officialDate":"2019-09-02","observedDate":"2019-09-02"},{"description":"Statehood Day","types":[{"id":3,"version":1,"description":"UH"},{"id":4,"version":1,"description":"State"}],"closest":false,"year":2019,"holidayTypes":["UH","State"],"officialYear":2019,"observedDateFull":"August 16, 2019, Friday","officialDateFull":"August 16, 2019, Friday","officialDate":"2019-08-16","observedDate":"2019-08-16"},{"description":"Independence Day","types":[{"id":2,"version":1,"description":"Federal"},{"id":3,"version":1,"description":"UH"}],"closest":false,"year":2019,"holidayTypes":["Federal","UH"],"officialYear":2019,"observedDateFull":"July 04, 2019, Thursday","officialDateFull":"July 04, 2019, Thursday","officialDate":"2019-07-04","observedDate":"2019-07-04"},{"description":"King Kamehameha I Day","types":[{"id":3,"version":1,"description":"UH"},{"id":4,"version":1,"description":"State"}],"closest":false,"year":2019,"holidayTypes":["UH","State"],"officialYear":2019,"observedDateFull":"June 11, 2019, Tuesday","officialDateFull":"June 11, 2019, Tuesday","officialDate":"2019-06-11","observedDate":"2019-06-11"},{"description":"Memorial Day","types":[{"id":2,"version":1,"description":"Federal"},{"id":3,"version":1,"description":"UH"}],"closest":false,"year":2019,"holidayTypes":["Federal","UH"],"officialYear":2019,"observedDateFull":"May 27, 2019, Monday","officialDateFull":"May 27, 2019, Monday","officialDate":"2019-05-27","observedDate":"2019-05-27"},{"description":"Good Friday","types":[{"id":3,"version":1,"description":"UH"}],"closest":false,"year":2019,"holidayTypes":["UH"],"officialYear":2019,"observedDateFull":"April 19, 2019, Friday","officialDateFull":"April 19, 2019, Friday","officialDate":"2019-04-19","observedDate":"2019-04-19"},{"description":"Prince Jonah Kuhio Kalanianaole Day","types":[{"id":3,"version":1,"description":"UH"},{"id":4,"version":1,"description":"State"}],"closest":false,"year":2019,"holidayTypes":["UH","State"],"officialYear":2019,"observedDateFull":"March 26, 2019, Tuesday","officialDateFull":"March 26, 2019, Tuesday","officialDate":"2019-03-26","observedDate":"2019-03-26"},{"description":"Presidents' Day","types":[{"id":2,"version":1,"description":"Federal"},{"id":3,"version":1,"description":"UH"}],"closest":false,"year":2019,"holidayTypes":["Federal","UH"],"officialYear":2019,"observedDateFull":"February 18, 2019, Monday","officialDateFull":"February 18, 2019, Monday","officialDate":"2019-02-18","observedDate":"2019-02-18"},{"description":"Dr. Martin Luther King, Jr. Day","types":[{"id":2,"version":1,"description":"Federal"},{"id":3,"version":1,"description":"UH"}],"closest":false,"year":2019,"holidayTypes":["Federal","UH"],"officialYear":2019,"observedDateFull":"January 21, 2019, Monday","officialDateFull":"January 21, 2019, Monday","officialDate":"2019-01-21","observedDate":"2019-01-21"},{"description":"New Year's Day","types":[{"id":2,"version":1,"description":"Federal"},{"id":3,"version":1,"description":"UH"}],"closest":false,"year":2019,"holidayTypes":["Federal","UH"],"officialYear":2019,"observedDateFull":"January 01, 2019, Tuesday","officialDateFull":"January 01, 2019, Tuesday","officialDate":"2019-01-01","observedDate":"2019-01-01"},{"description":"Christmas","types":[{"id":2,"version":1,"description":"Federal"},{"id":3,"version":1,"description":"UH"}],"closest":false,"year":2018,"holidayTypes":["Federal","UH"],"officialYear":2018,"observedDateFull":"December 25, 2018, Tuesday","officialDateFull":"December 25, 2018, Tuesday","officialDate":"2018-12-25","observedDate":"2018-12-25"},{"description":"Thanksgiving","types":[{"id":2,"version":1,"description":"Federal"},{"id":3,"version":1,"description":"UH"}],"closest":false,"year":2018,"holidayTypes":["Federal","UH"],"officialYear":2018,"observedDateFull":"November 22, 2018, Thursday","officialDateFull":"November 22, 2018, Thursday","officialDate":"2018-11-22","observedDate":"2018-11-22"},{"description":"Veterans' Day","types":[{"id":2,"version":1,"description":"Federal"},{"id":3,"version":1,"description":"UH"}],"closest":false,"year":2018,"holidayTypes":["Federal","UH"],"officialYear":2018,"observedDateFull":"November 12, 2018, Monday","officialDateFull":"November 11, 2018, Sunday","officialDate":"2018-11-11","observedDate":"2018-11-12"},{"description":"General Election Day","types":[{"id":2,"version":1,"description":"Federal"},{"id":3,"version":1,"description":"UH"}],"closest":false,"year":2018,"holidayTypes":["Federal","UH"],"officialYear":2018,"observedDateFull":"November 06, 2018, Tuesday","officialDateFull":"November 06, 2018, Tuesday","officialDate":"2018-11-06","observedDate":"2018-11-06"},{"description":"Labor Day","types":[{"id":2,"version":1,"description":"Federal"},{"id":3,"version":1,"description":"UH"}],"closest":false,"year":2018,"holidayTypes":["Federal","UH"],"officialYear":2018,"observedDateFull":"September 03, 2018, Monday","officialDateFull":"September 03, 2018, Monday","officialDate":"2018-09-03","observedDate":"2018-09-03"},{"description":"Statehood Day","types":[{"id":3,"version":1,"description":"UH"},{"id":4,"version":1,"description":"State"}],"closest":false,"year":2018,"holidayTypes":["UH","State"],"officialYear":2018,"observedDateFull":"August 17, 2018, Friday","officialDateFull":"August 17, 2018, Friday","officialDate":"2018-08-17","observedDate":"2018-08-17"},{"description":"Independence Day","types":[{"id":2,"version":1,"description":"Federal"},{"id":3,"version":1,"description":"UH"}],"closest":false,"year":2018,"holidayTypes":["Federal","UH"],"officialYear":2018,"observedDateFull":"July 04, 2018, Wednesday","officialDateFull":"July 04, 2018, Wednesday","officialDate":"2018-07-04","observedDate":"2018-07-04"},{"description":"King Kamehameha I Day","types":[{"id":3,"version":1,"description":"UH"},{"id":4,"version":1,"description":"State"}],"closest":false,"year":2018,"holidayTypes":["UH","State"],"officialYear":2018,"observedDateFull":"June 11, 2018, Monday","officialDateFull":"June 11, 2018, Monday","officialDate":"2018-06-11","observedDate":"2018-06-11"},{"description":"Memorial Day","types":[{"id":2,"version":1,"description":"Federal"},{"id":3,"version":1,"description":"UH"}],"closest":false,"year":2018,"holidayTypes":["Federal","UH"],"officialYear":2018,"observedDateFull":"May 28, 2018, Monday","officialDateFull":"May 28, 2018, Monday","officialDate":"2018-05-28","observedDate":"2018-05-28"},{"description":"Good Friday","types":[{"id":3,"version":1,"description":"UH"}],"closest":false,"year":2018,"holidayTypes":["UH"],"officialYear":2018,"observedDateFull":"March 30, 2018, Friday","officialDateFull":"March 30, 2018, Friday","officialDate":"2018-03-30","observedDate":"2018-03-30"},{"description":"Prince Jonah Kuhio Kalanianaole Day","types":[{"id":3,"version":1,"description":"UH"},{"id":4,"version":1,"description":"State"}],"closest":false,"year":2018,"holidayTypes":["UH","State"],"officialYear":2018,"observedDateFull":"March 26, 2018, Monday","officialDateFull":"March 26, 2018, Monday","officialDate":"2018-03-26","observedDate":"2018-03-26"},{"description":"Presidents' Day","types":[{"id":2,"version":1,"description":"Federal"},{"id":3,"version":1,"description":"UH"}],"closest":false,"year":2018,"holidayTypes":["Federal","UH"],"officialYear":2018,"observedDateFull":"February 19, 2018, Monday","officialDateFull":"February 19, 2018, Monday","officialDate":"2018-02-19","observedDate":"2018-02-19"},{"description":"Dr. Martin Luther King, Jr. Day","types":[{"id":2,"version":1,"description":"Federal"},{"id":3,"version":1,"description":"UH"}],"closest":false,"year":2018,"holidayTypes":["Federal","UH"],"officialYear":2018,"observedDateFull":"January 15, 2018, Monday","officialDateFull":"January 15, 2018, Monday","officialDate":"2018-01-15","observedDate":"2018-01-15"},{"description":"New Year's Day","types":[{"id":2,"version":1,"description":"Federal"},{"id":3,"version":1,"description":"UH"}],"closest":false,"year":2018,"holidayTypes":["Federal","UH"],"officialYear":2018,"observedDateFull":"January 01, 2018, Monday","officialDateFull":"January 01, 2018, Monday","officialDate":"2018-01-01","observedDate":"2018-01-01"},{"description":"Christmas","types":[{"id":2,"version":1,"description":"Federal"},{"id":3,"version":1,"description":"UH"}],"closest":false,"year":2017,"holidayTypes":["Federal","UH"],"officialYear":2017,"observedDateFull":"December 25, 2017, Monday","officialDateFull":"December 25, 2017, Monday","officialDate":"2017-12-25","observedDate":"2017-12-25"},{"description":"Thanksgiving","types":[{"id":2,"version":1,"description":"Federal"},{"id":3,"version":1,"description":"UH"}],"closest":false,"year":2017,"holidayTypes":["Federal","UH"],"officialYear":2017,"observedDateFull":"November 23, 2017, Thursday","officialDateFull":"November 23, 2017, Thursday","officialDate":"2017-11-23","observedDate":"2017-11-23"},{"description":"Veterans' Day","types":[{"id":2,"version":1,"description":"Federal"},{"id":3,"version":1,"description":"UH"}],"closest":false,"year":2017,"holidayTypes":["Federal","UH"],"officialYear":2017,"observedDateFull":"November 10, 2017, Friday","officialDateFull":"November 11, 2017, Saturday","officialDate":"2017-11-11","observedDate":"2017-11-10"},{"description":"Labor Day","types":[{"id":2,"version":1,"description":"Federal"},{"id":3,"version":1,"description":"UH"}],"closest":false,"year":2017,"holidayTypes":["Federal","UH"],"officialYear":2017,"observedDateFull":"September 04, 2017, Monday","officialDateFull":"September 04, 2017, Monday","officialDate":"2017-09-04","observedDate":"2017-09-04"},{"description":"Statehood Day","types":[{"id":3,"version":1,"description":"UH"},{"id":4,"version":1,"description":"State"}],"closest":false,"year":2017,"holidayTypes":["UH","State"],"officialYear":2017,"observedDateFull":"August 18, 2017, Friday","officialDateFull":"August 18, 2017, Friday","officialDate":"2017-08-18","observedDate":"2017-08-18"},{"description":"Independence Day","types":[{"id":2,"version":1,"description":"Federal"},{"id":3,"version":1,"description":"UH"}],"closest":false,"year":2017,"holidayTypes":["Federal","UH"],"officialYear":2017,"observedDateFull":"July 04, 2017, Tuesday","officialDateFull":"July 04, 2017, Tuesday","officialDate":"2017-07-04","observedDate":"2017-07-04"},{"description":"King Kamehameha I Day","types":[{"id":3,"version":1,"description":"UH"},{"id":4,"version":1,"description":"State"}],"closest":false,"year":2017,"holidayTypes":["UH","State"],"officialYear":2017,"observedDateFull":"June 12, 2017, Monday","officialDateFull":"June 11, 2017, Sunday","officialDate":"2017-06-11","observedDate":"2017-06-12"},{"description":"Memorial Day","types":[{"id":2,"version":1,"description":"Federal"},{"id":3,"version":1,"description":"UH"}],"closest":false,"year":2017,"holidayTypes":["Federal","UH"],"officialYear":2017,"observedDateFull":"May 29, 2017, Monday","officialDateFull":"May 29, 2017, Monday","officialDate":"2017-05-29","observedDate":"2017-05-29"},{"description":"Good Friday","types":[{"id":3,"version":1,"description":"UH"}],"closest":false,"year":2017,"holidayTypes":["UH"],"officialYear":2017,"observedDateFull":"April 14, 2017, Friday","officialDateFull":"April 14, 2017, Friday","officialDate":"2017-04-14","observedDate":"2017-04-14"},{"description":"Prince Jonah Kuhio Kalanianaole Day","types":[{"id":3,"version":1,"description":"UH"},{"id":4,"version":1,"description":"State"}],"closest":false,"year":2017,"holidayTypes":["UH","State"],"officialYear":2017,"observedDateFull":"March 27, 2017, Monday","officialDateFull":"March 26, 2017, Sunday","officialDate":"2017-03-26","observedDate":"2017-03-27"},{"description":"Presidents' Day","types":[{"id":2,"version":1,"description":"Federal"},{"id":3,"version":1,"description":"UH"}],"closest":false,"year":2017,"holidayTypes":["Federal","UH"],"officialYear":2017,"observedDateFull":"February 20, 2017, Monday","officialDateFull":"February 20, 2017, Monday","officialDate":"2017-02-20","observedDate":"2017-02-20"},{"description":"Dr. Martin Luther King, Jr. Day","types":[{"id":2,"version":1,"description":"Federal"},{"id":3,"version":1,"description":"UH"}],"closest":false,"year":2017,"holidayTypes":["Federal","UH"],"officialYear":2017,"observedDateFull":"January 16, 2017, Monday","officialDateFull":"January 16, 2017, Monday","officialDate":"2017-01-16","observedDate":"2017-01-16"},{"description":"New Year's Day","types":[{"id":2,"version":1,"description":"Federal"},{"id":3,"version":1,"description":"UH"}],"closest":false,"year":2017,"holidayTypes":["Federal","UH"],"officialYear":2017,"observedDateFull":"January 02, 2017, Monday","officialDateFull":"January 01, 2017, Sunday","officialDate":"2017-01-01","observedDate":"2017-01-02"},{"description":"Christmas","types":[{"id":2,"version":1,"description":"Federal"},{"id":3,"version":1,"description":"UH"}],"closest":false,"year":2016,"holidayTypes":["Federal","UH"],"officialYear":2016,"observedDateFull":"December 26, 2016, Monday","officialDateFull":"December 25, 2016, Sunday","officialDate":"2016-12-25","observedDate":"2016-12-26"},{"description":"Thanksgiving","types":[{"id":2,"version":1,"description":"Federal"},{"id":3,"version":1,"description":"UH"}],"closest":false,"year":2016,"holidayTypes":["Federal","UH"],"officialYear":2016,"observedDateFull":"November 24, 2016, Thursday","officialDateFull":"November 24, 2016, Thursday","officialDate":"2016-11-24","observedDate":"2016-11-24"},{"description":"Veterans' Day","types":[{"id":2,"version":1,"description":"Federal"},{"id":3,"version":1,"description":"UH"}],"closest":false,"year":2016,"holidayTypes":["Federal","UH"],"officialYear":2016,"observedDateFull":"November 11, 2016, Friday","officialDateFull":"November 11, 2016, Friday","officialDate":"2016-11-11","observedDate":"2016-11-11"},{"description":"General Election Day","types":[{"id":2,"version":1,"description":"Federal"},{"id":3,"version":1,"description":"UH"}],"closest":false,"year":2016,"holidayTypes":["Federal","UH"],"officialYear":2016,"observedDateFull":"November 08, 2016, Tuesday","officialDateFull":"November 08, 2016, Tuesday","officialDate":"2016-11-08","observedDate":"2016-11-08"},{"description":"Labor Day","types":[{"id":2,"version":1,"description":"Federal"},{"id":3,"version":1,"description":"UH"}],"closest":false,"year":2016,"holidayTypes":["Federal","UH"],"officialYear":2016,"observedDateFull":"September 05, 2016, Monday","officialDateFull":"September 05, 2016, Monday","officialDate":"2016-09-05","observedDate":"2016-09-05"},{"description":"Statehood Day","types":[{"id":3,"version":1,"description":"UH"},{"id":4,"version":1,"description":"State"}],"closest":false,"year":2016,"holidayTypes":["UH","State"],"officialYear":2016,"observedDateFull":"August 19, 2016, Friday","officialDateFull":"August 19, 2016, Friday","officialDate":"2016-08-19","observedDate":"2016-08-19"},{"description":"Independence Day","types":[{"id":2,"version":1,"description":"Federal"},{"id":3,"version":1,"description":"UH"}],"closest":false,"year":2016,"holidayTypes":["Federal","UH"],"officialYear":2016,"observedDateFull":"July 04, 2016, Monday","officialDateFull":"July 04, 2016, Monday","officialDate":"2016-07-04","observedDate":"2016-07-04"},{"description":"King Kamehameha I Day","types":[{"id":3,"version":1,"description":"UH"},{"id":4,"version":1,"description":"State"}],"closest":false,"year":2016,"holidayTypes":["UH","State"],"officialYear":2016,"observedDateFull":"June 10, 2016, Friday","officialDateFull":"June 11, 2016, Saturday","officialDate":"2016-06-11","observedDate":"2016-06-10"},{"description":"Memorial Day","types":[{"id":2,"version":1,"description":"Federal"},{"id":3,"version":1,"description":"UH"}],"closest":false,"year":2016,"holidayTypes":["Federal","UH"],"officialYear":2016,"observedDateFull":"May 30, 2016, Monday","officialDateFull":"May 30, 2016, Monday","officialDate":"2016-05-30","observedDate":"2016-05-30"},{"description":"Good Friday","types":[{"id":3,"version":1,"description":"UH"},{"id":4,"version":1,"description":"State"}],"closest":false,"year":2016,"holidayTypes":["UH","State"],"officialYear":2016,"observedDateFull":"March 25, 2016, Friday","officialDateFull":"March 25, 2016, Friday","officialDate":"2016-03-25","observedDate":"2016-03-25"},{"description":"Prince Jonah Kuhio Kalanianaole Day","types":[{"id":3,"version":1,"description":"UH"}],"closest":false,"year":2016,"holidayTypes":["UH"],"officialYear":2016,"observedDateFull":"March 25, 2016, Friday","officialDateFull":"March 26, 2016, Saturday","officialDate":"2016-03-26","observedDate":"2016-03-25"},{"description":"Presidents' Day","types":[{"id":2,"version":1,"description":"Federal"},{"id":3,"version":1,"description":"UH"}],"closest":false,"year":2016,"holidayTypes":["Federal","UH"],"officialYear":2016,"observedDateFull":"February 15, 2016, Monday","officialDateFull":"February 15, 2016, Monday","officialDate":"2016-02-15","observedDate":"2016-02-15"},{"description":"Dr. Martin Luther King, Jr. Day","types":[{"id":2,"version":1,"description":"Federal"},{"id":3,"version":1,"description":"UH"}],"closest":false,"year":2016,"holidayTypes":["Federal","UH"],"officialYear":2016,"observedDateFull":"January 18, 2016, Monday","officialDateFull":"January 18, 2016, Monday","officialDate":"2016-01-18","observedDate":"2016-01-18"},{"description":"New Year's Day","types":[{"id":2,"version":1,"description":"Federal"},{"id":3,"version":1,"description":"UH"}],"closest":false,"year":2016,"holidayTypes":["Federal","UH"],"officialYear":2016,"observedDateFull":"January 01, 2016, Friday","officialDateFull":"January 01, 2016, Friday","officialDate":"2016-01-01","observedDate":"2016-01-01"},{"description":"Christmas","types":[{"id":2,"version":1,"description":"Federal"},{"id":3,"version":1,"description":"UH"}],"closest":false,"year":2015,"holidayTypes":["Federal","UH"],"officialYear":2015,"observedDateFull":"December 25, 2015, Friday","officialDateFull":"December 25, 2015, Friday","officialDate":"2015-12-25","observedDate":"2015-12-25"},{"description":"Thanksgiving","types":[{"id":2,"version":1,"description":"Federal"},{"id":3,"version":1,"description":"UH"}],"closest":false,"year":2015,"holidayTypes":["Federal","UH"],"officialYear":2015,"observedDateFull":"November 26, 2015, Thursday","officialDateFull":"November 26, 2015, Thursday","officialDate":"2015-11-26","observedDate":"2015-11-26"},{"description":"Veterans' Day","types":[{"id":2,"version":1,"description":"Federal"},{"id":3,"version":1,"description":"UH"}],"closest":false,"year":2015,"holidayTypes":["Federal","UH"],"officialYear":2015,"observedDateFull":"November 11, 2015, Wednesday","officialDateFull":"November 11, 2015, Wednesday","officialDate":"2015-11-11","observedDate":"2015-11-11"},{"description":"Discoverers' Day","types":[{"id":2,"version":1,"description":"Federal"},{"id":3,"version":1,"description":"UH"}],"closest":false,"year":2015,"holidayTypes":["Federal","UH"],"officialYear":2015,"observedDateFull":"October 12, 2015, Monday","officialDateFull":"October 12, 2015, Monday","officialDate":"2015-10-12","observedDate":"2015-10-12"},{"description":"Labor Day","types":[{"id":2,"version":1,"description":"Federal"},{"id":3,"version":1,"description":"UH"}],"closest":false,"year":2015,"holidayTypes":["Federal","UH"],"officialYear":2015,"observedDateFull":"September 07, 2015, Monday","officialDateFull":"September 07, 2015, Monday","officialDate":"2015-09-07","observedDate":"2015-09-07"},{"description":"Statehood Day","types":[{"id":3,"version":1,"description":"UH"},{"id":4,"version":1,"description":"State"}],"closest":false,"year":2015,"holidayTypes":["UH","State"],"officialYear":2015,"observedDateFull":"August 21, 2015, Friday","officialDateFull":"August 21, 2015, Friday","officialDate":"2015-08-21","observedDate":"2015-08-21"},{"description":"Independence Day","types":[{"id":2,"version":1,"description":"Federal"},{"id":3,"version":1,"description":"UH"}],"closest":false,"year":2015,"holidayTypes":["Federal","UH"],"officialYear":2015,"observedDateFull":"July 03, 2015, Friday","officialDateFull":"July 04, 2015, Saturday","officialDate":"2015-07-04","observedDate":"2015-07-03"},{"description":"King Kamehameha I Day","types":[{"id":3,"version":1,"description":"UH"},{"id":4,"version":1,"description":"State"}],"closest":false,"year":2015,"holidayTypes":["UH","State"],"officialYear":2015,"observedDateFull":"June 11, 2015, Thursday","officialDateFull":"June 11, 2015, Thursday","officialDate":"2015-06-11","observedDate":"2015-06-11"},{"description":"Memorial Day","types":[{"id":2,"version":1,"description":"Federal"},{"id":3,"version":1,"description":"UH"}],"closest":false,"year":2015,"holidayTypes":["Federal","UH"],"officialYear":2015,"observedDateFull":"May 25, 2015, Monday","officialDateFull":"May 25, 2015, Monday","officialDate":"2015-05-25","observedDate":"2015-05-25"},{"description":"Good Friday","types":[{"id":3,"version":1,"description":"UH"}],"closest":false,"year":2015,"holidayTypes":["UH"],"officialYear":2015,"observedDateFull":"April 03, 2015, Friday","officialDateFull":"April 03, 2015, Friday","officialDate":"2015-04-03","observedDate":"2015-04-03"},{"description":"Prince Jonah Kuhio Kalanianaole Day","types":[{"id":3,"version":1,"description":"UH"},{"id":4,"version":1,"description":"State"}],"closest":false,"year":2015,"holidayTypes":["UH","State"],"officialYear":2015,"observedDateFull":"March 26, 2015, Thursday","officialDateFull":"March 26, 2015, Thursday","officialDate":"2015-03-26","observedDate":"2015-03-26"},{"description":"Presidents' Day","types":[{"id":2,"version":1,"description":"Federal"},{"id":3,"version":1,"description":"UH"}],"closest":false,"year":2015,"holidayTypes":["Federal","UH"],"officialYear":2015,"observedDateFull":"February 16, 2015, Monday","officialDateFull":"February 16, 2015, Monday","officialDate":"2015-02-16","observedDate":"2015-02-16"},{"description":"Dr. Martin Luther King, Jr. Day","types":[{"id":2,"version":1,"description":"Federal"},{"id":3,"version":1,"description":"UH"}],"closest":false,"year":2015,"holidayTypes":["Federal","UH"],"officialYear":2015,"observedDateFull":"January 19, 2015, Monday","officialDateFull":"January 19, 2015, Monday","officialDate":"2015-01-19","observedDate":"2015-01-19"},{"description":"New Year's Day","types":[{"id":2,"version":1,"description":"Federal"},{"id":3,"version":1,"description":"UH"}],"closest":false,"year":2015,"holidayTypes":["Federal","UH"],"officialYear":2015,"observedDateFull":"January 01, 2015, Thursday","officialDateFull":"January 01, 2015, Thursday","officialDate":"2015-01-01","observedDate":"2015-01-01"},{"description":"Christmas","types":[{"id":2,"version":1,"description":"Federal"},{"id":3,"version":1,"description":"UH"}],"closest":false,"year":2014,"holidayTypes":["Federal","UH"],"officialYear":2014,"observedDateFull":"December 25, 2014, Thursday","officialDateFull":"December 25, 2014, Thursday","officialDate":"2014-12-25","observedDate":"2014-12-25"},{"description":"Thanksgiving","types":[{"id":2,"version":1,"description":"Federal"},{"id":3,"version":1,"description":"UH"}],"closest":false,"year":2014,"holidayTypes":["Federal","UH"],"officialYear":2014,"observedDateFull":"November 27, 2014, Thursday","officialDateFull":"November 27, 2014, Thursday","officialDate":"2014-11-27","observedDate":"2014-11-27"},{"description":"Veterans' Day","types":[{"id":2,"version":1,"description":"Federal"},{"id":3,"version":1,"description":"UH"}],"closest":false,"year":2014,"holidayTypes":["Federal","UH"],"officialYear":2014,"observedDateFull":"November 11, 2014, Tuesday","officialDateFull":"November 11, 2014, Tuesday","officialDate":"2014-11-11","observedDate":"2014-11-11"},{"description":"General Election Day","types":[{"id":2,"version":1,"description":"Federal"},{"id":3,"version":1,"description":"UH"}],"closest":false,"year":2014,"holidayTypes":["Federal","UH"],"officialYear":2014,"observedDateFull":"November 04, 2014, Tuesday","officialDateFull":"November 04, 2014, Tuesday","officialDate":"2014-11-04","observedDate":"2014-11-04"},{"description":"Discoverers' Day","types":[{"id":2,"version":1,"description":"Federal"},{"id":3,"version":1,"description":"UH"}],"closest":false,"year":2014,"holidayTypes":["Federal","UH"],"officialYear":2014,"observedDateFull":"October 13, 2014, Monday","officialDateFull":"October 13, 2014, Monday","officialDate":"2014-10-13","observedDate":"2014-10-13"},{"description":"Labor Day","types":[{"id":2,"version":1,"description":"Federal"},{"id":3,"version":1,"description":"UH"}],"closest":false,"year":2014,"holidayTypes":["Federal","UH"],"officialYear":2014,"observedDateFull":"September 01, 2014, Monday","officialDateFull":"September 01, 2014, Monday","officialDate":"2014-09-01","observedDate":"2014-09-01"},{"description":"Statehood Day","types":[{"id":3,"version":1,"description":"UH"},{"id":4,"version":1,"description":"State"}],"closest":false,"year":2014,"holidayTypes":["UH","State"],"officialYear":2014,"observedDateFull":"August 15, 2014, Friday","officialDateFull":"August 15, 2014, Friday","officialDate":"2014-08-15","observedDate":"2014-08-15"},{"description":"Independence Day","types":[{"id":2,"version":1,"description":"Federal"},{"id":3,"version":1,"description":"UH"}],"closest":false,"year":2014,"holidayTypes":["Federal","UH"],"officialYear":2014,"observedDateFull":"July 04, 2014, Friday","officialDateFull":"July 04, 2014, Friday","officialDate":"2014-07-04","observedDate":"2014-07-04"},{"description":"King Kamehameha I Day","types":[{"id":3,"version":1,"description":"UH"},{"id":4,"version":1,"description":"State"}],"closest":false,"year":2014,"holidayTypes":["UH","State"],"officialYear":2014,"observedDateFull":"June 11, 2014, Wednesday","officialDateFull":"June 11, 2014, Wednesday","officialDate":"2014-06-11","observedDate":"2014-06-11"},{"description":"Memorial Day","types":[{"id":2,"version":1,"description":"Federal"},{"id":3,"version":1,"description":"UH"}],"closest":false,"year":2014,"holidayTypes":["Federal","UH"],"officialYear":2014,"observedDateFull":"May 26, 2014, Monday","officialDateFull":"May 26, 2014, Monday","officialDate":"2014-05-26","observedDate":"2014-05-26"},{"description":"Good Friday","types":[{"id":3,"version":1,"description":"UH"}],"closest":false,"year":2014,"holidayTypes":["UH"],"officialYear":2014,"observedDateFull":"April 18, 2014, Friday","officialDateFull":"April 18, 2014, Friday","officialDate":"2014-04-18","observedDate":"2014-04-18"},{"description":"Prince Jonah Kuhio Kalanianaole Day","types":[{"id":3,"version":1,"description":"UH"},{"id":4,"version":1,"description":"State"}],"closest":false,"year":2014,"holidayTypes":["UH","State"],"officialYear":2014,"observedDateFull":"March 26, 2014, Wednesday","officialDateFull":"March 26, 2014, Wednesday","officialDate":"2014-03-26","observedDate":"2014-03-26"},{"description":"Presidents' Day","types":[{"id":2,"version":1,"description":"Federal"},{"id":3,"version":1,"description":"UH"}],"closest":false,"year":2014,"holidayTypes":["Federal","UH"],"officialYear":2014,"observedDateFull":"February 17, 2014, Monday","officialDateFull":"February 17, 2014, Monday","officialDate":"2014-02-17","observedDate":"2014-02-17"},{"description":"Dr. Martin Luther King, Jr. Day","types":[{"id":2,"version":1,"description":"Federal"},{"id":3,"version":1,"description":"UH"}],"closest":false,"year":2014,"holidayTypes":["Federal","UH"],"officialYear":2014,"observedDateFull":"January 20, 2014, Monday","officialDateFull":"January 20, 2014, Monday","officialDate":"2014-01-20","observedDate":"2014-01-20"},{"description":"New Year's Day","types":[{"id":2,"version":1,"description":"Federal"},{"id":3,"version":1,"description":"UH"}],"closest":false,"year":2014,"holidayTypes":["Federal","UH"],"officialYear":2014,"observedDateFull":"January 01, 2014, Wednesday","officialDateFull":"January 01, 2014, Wednesday","officialDate":"2014-01-01","observedDate":"2014-01-01"},{"description":"Christmas","types":[{"id":2,"version":1,"description":"Federal"},{"id":3,"version":1,"description":"UH"}],"closest":false,"year":2013,"holidayTypes":["Federal","UH"],"officialYear":2013,"observedDateFull":"December 25, 2013, Wednesday","officialDateFull":"December 25, 2013, Wednesday","officialDate":"2013-12-25","observedDate":"2013-12-25"},{"description":"Thanksgiving","types":[{"id":2,"version":1,"description":"Federal"},{"id":3,"version":1,"description":"UH"}],"closest":false,"year":2013,"holidayTypes":["Federal","UH"],"officialYear":2013,"observedDateFull":"November 28, 2013, Thursday","officialDateFull":"November 28, 2013, Thursday","officialDate":"2013-11-28","observedDate":"2013-11-28"},{"description":"Veterans' Day","types":[{"id":2,"version":1,"description":"Federal"},{"id":3,"version":1,"description":"UH"}],"closest":false,"year":2013,"holidayTypes":["Federal","UH"],"officialYear":2013,"observedDateFull":"November 11, 2013, Monday","officialDateFull":"November 11, 2013, Monday","officialDate":"2013-11-11","observedDate":"2013-11-11"},{"description":"Discoverers' Day","types":[{"id":2,"version":1,"description":"Federal"}],"closest":false,"year":2013,"holidayTypes":["Federal"],"officialYear":2013,"observedDateFull":"October 14, 2013, Monday","officialDateFull":"October 14, 2013, Monday","officialDate":"2013-10-14","observedDate":"2013-10-14"},{"description":"Labor Day","types":[{"id":2,"version":1,"description":"Federal"},{"id":3,"version":1,"description":"UH"}],"closest":false,"year":2013,"holidayTypes":["Federal","UH"],"officialYear":2013,"observedDateFull":"September 02, 2013, Monday","officialDateFull":"September 02, 2013, Monday","officialDate":"2013-09-02","observedDate":"2013-09-02"},{"description":"Statehood Day","types":[{"id":3,"version":1,"description":"UH"},{"id":4,"version":1,"description":"State"}],"closest":false,"year":2013,"holidayTypes":["UH","State"],"officialYear":2013,"observedDateFull":"August 16, 2013, Friday","officialDateFull":"August 16, 2013, Friday","officialDate":"2013-08-16","observedDate":"2013-08-16"},{"description":"Independence Day","types":[{"id":2,"version":1,"description":"Federal"},{"id":3,"version":1,"description":"UH"}],"closest":false,"year":2013,"holidayTypes":["Federal","UH"],"officialYear":2013,"observedDateFull":"July 04, 2013, Thursday","officialDateFull":"July 04, 2013, Thursday","officialDate":"2013-07-04","observedDate":"2013-07-04"},{"description":"King Kamehameha I Day","types":[{"id":3,"version":1,"description":"UH"},{"id":4,"version":1,"description":"State"}],"closest":false,"year":2013,"holidayTypes":["UH","State"],"officialYear":2013,"observedDateFull":"June 11, 2013, Tuesday","officialDateFull":"June 11, 2013, Tuesday","officialDate":"2013-06-11","observedDate":"2013-06-11"},{"description":"Memorial Day","types":[{"id":2,"version":1,"description":"Federal"},{"id":3,"version":1,"description":"UH"}],"closest":false,"year":2013,"holidayTypes":["Federal","UH"],"officialYear":2013,"observedDateFull":"May 27, 2013, Monday","officialDateFull":"May 27, 2013, Monday","officialDate":"2013-05-27","observedDate":"2013-05-27"},{"description":"Good Friday","types":[{"id":3,"version":1,"description":"UH"}],"closest":false,"year":2013,"holidayTypes":["UH"],"officialYear":2013,"observedDateFull":"March 29, 2013, Friday","officialDateFull":"March 29, 2013, Friday","officialDate":"2013-03-29","observedDate":"2013-03-29"},{"description":"Prince Jonah Kuhio Kalanianaole Day","types":[{"id":3,"version":1,"description":"UH"},{"id":4,"version":1,"description":"State"}],"closest":false,"year":2013,"holidayTypes":["UH","State"],"officialYear":2013,"observedDateFull":"March 26, 2013, Tuesday","officialDateFull":"March 26, 2013, Tuesday","officialDate":"2013-03-26","observedDate":"2013-03-26"},{"description":"Presidents' Day","types":[{"id":2,"version":1,"description":"Federal"},{"id":3,"version":1,"description":"UH"}],"closest":false,"year":2013,"holidayTypes":["Federal","UH"],"officialYear":2013,"observedDateFull":"February 18, 2013, Monday","officialDateFull":"February 18, 2013, Monday","officialDate":"2013-02-18","observedDate":"2013-02-18"},{"description":"Dr. Martin Luther King, Jr. Day","types":[{"id":2,"version":1,"description":"Federal"},{"id":3,"version":1,"description":"UH"}],"closest":false,"year":2013,"holidayTypes":["Federal","UH"],"officialYear":2013,"observedDateFull":"January 21, 2013, Monday","officialDateFull":"January 21, 2013, Monday","officialDate":"2013-01-21","observedDate":"2013-01-21"},{"description":"New Year's Day","types":[{"id":2,"version":1,"description":"Federal"},{"id":3,"version":1,"description":"UH"}],"closest":false,"year":2013,"holidayTypes":["Federal","UH"],"officialYear":2013,"observedDateFull":"January 01, 2013, Tuesday","officialDateFull":"January 01, 2013, Tuesday","officialDate":"2013-01-01","observedDate":"2013-01-01"},{"description":"Christmas","types":[{"id":2,"version":1,"description":"Federal"},{"id":3,"version":1,"description":"UH"}],"closest":false,"year":2012,"holidayTypes":["Federal","UH"],"officialYear":2012,"observedDateFull":"December 25, 2012, Tuesday","officialDateFull":"December 25, 2012, Tuesday","officialDate":"2012-12-25","observedDate":"2012-12-25"},{"description":"Thanksgiving","types":[{"id":2,"version":1,"description":"Federal"},{"id":3,"version":1,"description":"UH"}],"closest":false,"year":2012,"holidayTypes":["Federal","UH"],"officialYear":2012,"observedDateFull":"November 22, 2012, Thursday","officialDateFull":"November 22, 2012, Thursday","officialDate":"2012-11-22","observedDate":"2012-11-22"},{"description":"Veterans' Day","types":[{"id":2,"version":1,"description":"Federal"},{"id":3,"version":1,"description":"UH"}],"closest":false,"year":2012,"holidayTypes":["Federal","UH"],"officialYear":2012,"observedDateFull":"November 12, 2012, Monday","officialDateFull":"November 11, 2012, Sunday","officialDate":"2012-11-11","observedDate":"2012-11-12"},{"description":"General Election Day","types":[{"id":2,"version":1,"description":"Federal"},{"id":3,"version":1,"description":"UH"}],"closest":false,"year":2012,"holidayTypes":["Federal","UH"],"officialYear":2012,"observedDateFull":"November 06, 2012, Tuesday","officialDateFull":"November 06, 2012, Tuesday","officialDate":"2012-11-06","observedDate":"2012-11-06"},{"description":"Discoverers' Day","types":[{"id":2,"version":1,"description":"Federal"}],"closest":false,"year":2012,"holidayTypes":["Federal"],"officialYear":2012,"observedDateFull":"October 08, 2012, Monday","officialDateFull":"October 08, 2012, Monday","officialDate":"2012-10-08","observedDate":"2012-10-08"},{"description":"Labor Day","types":[{"id":2,"version":1,"description":"Federal"},{"id":3,"version":1,"description":"UH"}],"closest":false,"year":2012,"holidayTypes":["Federal","UH"],"officialYear":2012,"observedDateFull":"September 03, 2012, Monday","officialDateFull":"September 03, 2012, Monday","officialDate":"2012-09-03","observedDate":"2012-09-03"},{"description":"Statehood Day","types":[{"id":3,"version":1,"description":"UH"},{"id":4,"version":1,"description":"State"}],"closest":false,"year":2012,"holidayTypes":["UH","State"],"officialYear":2012,"observedDateFull":"August 17, 2012, Friday","officialDateFull":"August 17, 2012, Friday","officialDate":"2012-08-17","observedDate":"2012-08-17"},{"description":"Independence Day","types":[{"id":2,"version":1,"description":"Federal"},{"id":3,"version":1,"description":"UH"}],"closest":false,"year":2012,"holidayTypes":["Federal","UH"],"officialYear":2012,"observedDateFull":"July 04, 2012, Wednesday","officialDateFull":"July 04, 2012, Wednesday","officialDate":"2012-07-04","observedDate":"2012-07-04"},{"description":"King Kamehameha I Day","types":[{"id":3,"version":1,"description":"UH"},{"id":4,"version":1,"description":"State"}],"closest":false,"year":2012,"holidayTypes":["UH","State"],"officialYear":2012,"observedDateFull":"June 11, 2012, Monday","officialDateFull":"June 11, 2012, Monday","officialDate":"2012-06-11","observedDate":"2012-06-11"},{"description":"Memorial Day","types":[{"id":2,"version":1,"description":"Federal"},{"id":3,"version":1,"description":"UH"}],"closest":false,"year":2012,"holidayTypes":["Federal","UH"],"officialYear":2012,"observedDateFull":"May 28, 2012, Monday","officialDateFull":"May 28, 2012, Monday","officialDate":"2012-05-28","observedDate":"2012-05-28"},{"description":"Good Friday","types":[{"id":3,"version":1,"description":"UH"}],"closest":false,"year":2012,"holidayTypes":["UH"],"officialYear":2012,"observedDateFull":"April 06, 2012, Friday","officialDateFull":"April 06, 2012, Friday","officialDate":"2012-04-06","observedDate":"2012-04-06"},{"description":"Prince Jonah Kuhio Kalanianaole Day","types":[{"id":3,"version":1,"description":"UH"},{"id":4,"version":1,"description":"State"}],"closest":false,"year":2012,"holidayTypes":["UH","State"],"officialYear":2012,"observedDateFull":"March 26, 2012, Monday","officialDateFull":"March 26, 2012, Monday","officialDate":"2012-03-26","observedDate":"2012-03-26"},{"description":"Presidents' Day","types":[{"id":2,"version":1,"description":"Federal"},{"id":3,"version":1,"description":"UH"}],"closest":false,"year":2012,"holidayTypes":["Federal","UH"],"officialYear":2012,"observedDateFull":"February 20, 2012, Monday","officialDateFull":"February 20, 2012, Monday","officialDate":"2012-02-20","observedDate":"2012-02-20"},{"description":"Dr. Martin Luther King, Jr. Day","types":[{"id":2,"version":1,"description":"Federal"},{"id":3,"version":1,"description":"UH"}],"closest":false,"year":2012,"holidayTypes":["Federal","UH"],"officialYear":2012,"observedDateFull":"January 16, 2012, Monday","officialDateFull":"January 16, 2012, Monday","officialDate":"2012-01-16","observedDate":"2012-01-16"},{"description":"New Year's Day","types":[{"id":2,"version":1,"description":"Federal"},{"id":3,"version":1,"description":"UH"}],"closest":false,"year":2012,"holidayTypes":["Federal","UH"],"officialYear":2012,"observedDateFull":"January 02, 2012, Monday","officialDateFull":"January 01, 2012, Sunday","officialDate":"2012-01-01","observedDate":"2012-01-02"},{"description":"Christmas","types":[{"id":2,"version":1,"description":"Federal"},{"id":3,"version":1,"description":"UH"}],"closest":false,"year":2011,"holidayTypes":["Federal","UH"],"officialYear":2011,"observedDateFull":"December 26, 2011, Monday","officialDateFull":"December 25, 2011, Sunday","officialDate":"2011-12-25","observedDate":"2011-12-26"},{"description":"Thanksgiving","types":[{"id":2,"version":1,"description":"Federal"},{"id":3,"version":1,"description":"UH"}],"closest":false,"year":2011,"holidayTypes":["Federal","UH"],"officialYear":2011,"observedDateFull":"November 24, 2011, Thursday","officialDateFull":"November 24, 2011, Thursday","officialDate":"2011-11-24","observedDate":"2011-11-24"},{"description":"Veterans' Day","types":[{"id":2,"version":1,"description":"Federal"},{"id":3,"version":1,"description":"UH"}],"closest":false,"year":2011,"holidayTypes":["Federal","UH"],"officialYear":2011,"observedDateFull":"November 11, 2011, Friday","officialDateFull":"November 11, 2011, Friday","officialDate":"2011-11-11","observedDate":"2011-11-11"},{"description":"Discoverers' Day","types":[{"id":2,"version":1,"description":"Federal"}],"closest":false,"year":2011,"holidayTypes":["Federal"],"officialYear":2011,"observedDateFull":"October 10, 2011, Monday","officialDateFull":"October 10, 2011, Monday","officialDate":"2011-10-10","observedDate":"2011-10-10"},{"description":"Labor Day","types":[{"id":2,"version":1,"description":"Federal"},{"id":3,"version":1,"description":"UH"}],"closest":false,"year":2011,"holidayTypes":["Federal","UH"],"officialYear":2011,"observedDateFull":"September 05, 2011, Monday","officialDateFull":"September 05, 2011, Monday","officialDate":"2011-09-05","observedDate":"2011-09-05"},{"description":"Statehood Day","types":[{"id":3,"version":1,"description":"UH"},{"id":4,"version":1,"description":"State"}],"closest":false,"year":2011,"holidayTypes":["UH","State"],"officialYear":2011,"observedDateFull":"August 19, 2011, Friday","officialDateFull":"August 19, 2011, Friday","officialDate":"2011-08-19","observedDate":"2011-08-19"},{"description":"Independence Day","types":[{"id":2,"version":1,"description":"Federal"},{"id":3,"version":1,"description":"UH"}],"closest":false,"year":2011,"holidayTypes":["Federal","UH"],"officialYear":2011,"observedDateFull":"July 04, 2011, Monday","officialDateFull":"July 04, 2011, Monday","officialDate":"2011-07-04","observedDate":"2011-07-04"},{"description":"King Kamehameha I Day","types":[{"id":3,"version":1,"description":"UH"},{"id":4,"version":1,"description":"State"}],"closest":false,"year":2011,"holidayTypes":["UH","State"],"officialYear":2011,"observedDateFull":"June 10, 2011, Friday","officialDateFull":"June 11, 2011, Saturday","officialDate":"2011-06-11","observedDate":"2011-06-10"},{"description":"Memorial Day","types":[{"id":2,"version":1,"description":"Federal"},{"id":3,"version":1,"description":"UH"}],"closest":false,"year":2011,"holidayTypes":["Federal","UH"],"officialYear":2011,"observedDateFull":"May 30, 2011, Monday","officialDateFull":"May 30, 2011, Monday","officialDate":"2011-05-30","observedDate":"2011-05-30"},{"description":"Good Friday","types":[{"id":3,"version":1,"description":"UH"}],"closest":false,"year":2011,"holidayTypes":["UH"],"officialYear":2011,"observedDateFull":"April 22, 2011, Friday","officialDateFull":"April 22, 2011, Friday","officialDate":"2011-04-22","observedDate":"2011-04-22"},{"description":"Prince Jonah Kuhio Kalanianaole Day","types":[{"id":3,"version":1,"description":"UH"},{"id":4,"version":1,"description":"State"}],"closest":false,"year":2011,"holidayTypes":["UH","State"],"officialYear":2011,"observedDateFull":"March 25, 2011, Friday","officialDateFull":"March 26, 2011, Saturday","officialDate":"2011-03-26","observedDate":"2011-03-25"},{"description":"Presidents' Day","types":[{"id":2,"version":1,"description":"Federal"},{"id":3,"version":1,"description":"UH"}],"closest":false,"year":2011,"holidayTypes":["Federal","UH"],"officialYear":2011,"observedDateFull":"February 21, 2011, Monday","officialDateFull":"February 21, 2011, Monday","officialDate":"2011-02-21","observedDate":"2011-02-21"},{"description":"Dr. Martin Luther King, Jr. Day","types":[{"id":2,"version":1,"description":"Federal"},{"id":3,"version":1,"description":"UH"}],"closest":false,"year":2011,"holidayTypes":["Federal","UH"],"officialYear":2011,"observedDateFull":"January 17, 2011, Monday","officialDateFull":"January 17, 2011, Monday","officialDate":"2011-01-17","observedDate":"2011-01-17"},{"description":"New Year's Day","types":[{"id":2,"version":1,"description":"Federal"},{"id":3,"version":1,"description":"UH"}],"closest":false,"year":2010,"holidayTypes":["Federal","UH"],"officialYear":2011,"observedDateFull":"December 31, 2010, Friday","officialDateFull":"January 01, 2011, Saturday","officialDate":"2011-01-01","observedDate":"2010-12-31"},{"description":"Christmas","types":[{"id":3,"version":1,"description":"UH"},{"id":4,"version":1,"description":"State"}],"closest":false,"year":2010,"holidayTypes":["UH","State"],"officialYear":2010,"observedDateFull":"December 24, 2010, Friday","officialDateFull":"December 24, 2010, Friday","officialDate":"2010-12-24","observedDate":"2010-12-24"},{"description":"Thanksgiving","types":[{"id":3,"version":1,"description":"UH"},{"id":4,"version":1,"description":"State"}],"closest":false,"year":2010,"holidayTypes":["UH","State"],"officialYear":2010,"observedDateFull":"November 25, 2010, Thursday","officialDateFull":"November 25, 2010, Thursday","officialDate":"2010-11-25","observedDate":"2010-11-25"},{"description":"Veterans' Day","types":[{"id":3,"version":1,"description":"UH"},{"id":4,"version":1,"description":"State"}],"closest":false,"year":2010,"holidayTypes":["UH","State"],"officialYear":2010,"observedDateFull":"November 11, 2010, Thursday","officialDateFull":"November 11, 2010, Thursday","officialDate":"2010-11-11","observedDate":"2010-11-11"},{"description":"General Election Day","types":[{"id":3,"version":1,"description":"UH"},{"id":4,"version":1,"description":"State"}],"closest":false,"year":2010,"holidayTypes":["UH","State"],"officialYear":2010,"observedDateFull":"November 02, 2010, Tuesday","officialDateFull":"November 02, 2010, Tuesday","officialDate":"2010-11-02","observedDate":"2010-11-02"},{"description":"Labor Day","types":[{"id":3,"version":1,"description":"UH"},{"id":4,"version":1,"description":"State"}],"closest":false,"year":2010,"holidayTypes":["UH","State"],"officialYear":2010,"observedDateFull":"September 06, 2010, Monday","officialDateFull":"September 06, 2010, Monday","officialDate":"2010-09-06","observedDate":"2010-09-06"},{"description":"Statehood Day","types":[{"id":3,"version":1,"description":"UH"},{"id":4,"version":1,"description":"State"}],"closest":false,"year":2010,"holidayTypes":["UH","State"],"officialYear":2010,"observedDateFull":"August 20, 2010, Friday","officialDateFull":"August 20, 2010, Friday","officialDate":"2010-08-20","observedDate":"2010-08-20"},{"description":"Independence Day","types":[{"id":3,"version":1,"description":"UH"},{"id":4,"version":1,"description":"State"}],"closest":false,"year":2010,"holidayTypes":["UH","State"],"officialYear":2010,"observedDateFull":"July 05, 2010, Monday","officialDateFull":"July 04, 2010, Sunday","officialDate":"2010-07-04","observedDate":"2010-07-05"},{"description":"King Kamehameha I Day","types":[{"id":3,"version":1,"description":"UH"},{"id":4,"version":1,"description":"State"}],"closest":false,"year":2010,"holidayTypes":["UH","State"],"officialYear":2010,"observedDateFull":"June 11, 2010, Friday","officialDateFull":"June 11, 2010, Friday","officialDate":"2010-06-11","observedDate":"2010-06-11"},{"description":"Memorial Day","types":[{"id":3,"version":1,"description":"UH"},{"id":4,"version":1,"description":"State"}],"closest":false,"year":2010,"holidayTypes":["UH","State"],"officialYear":2010,"observedDateFull":"May 31, 2010, Monday","officialDateFull":"May 31, 2010, Monday","officialDate":"2010-05-31","observedDate":"2010-05-31"},{"description":"Good Friday","types":[{"id":3,"version":1,"description":"UH"},{"id":4,"version":1,"description":"State"}],"closest":false,"year":2010,"holidayTypes":["UH","State"],"officialYear":2010,"observedDateFull":"April 02, 2010, Friday","officialDateFull":"April 02, 2010, Friday","officialDate":"2010-04-02","observedDate":"2010-04-02"},{"description":"Prince Jonah Kuhio Kalanianaole Day","types":[{"id":3,"version":1,"description":"UH"},{"id":4,"version":1,"description":"State"}],"closest":false,"year":2010,"holidayTypes":["UH","State"],"officialYear":2010,"observedDateFull":"March 26, 2010, Friday","officialDateFull":"March 26, 2010, Friday","officialDate":"2010-03-26","observedDate":"2010-03-26"},{"description":"Presidents' Day","types":[{"id":3,"version":1,"description":"UH"},{"id":4,"version":1,"description":"State"}],"closest":false,"year":2010,"holidayTypes":["UH","State"],"officialYear":2010,"observedDateFull":"February 15, 2010, Monday","officialDateFull":"February 15, 2010, Monday","officialDate":"2010-02-15","observedDate":"2010-02-15"},{"description":"Dr. Martin Luther King, Jr. Day","types":[{"id":3,"version":1,"description":"UH"},{"id":4,"version":1,"description":"State"}],"closest":false,"year":2010,"holidayTypes":["UH","State"],"officialYear":2010,"observedDateFull":"January 18, 2010, Monday","officialDateFull":"January 18, 2010, Monday","officialDate":"2010-01-18","observedDate":"2010-01-18"},{"description":"New Year's Day","types":[{"id":3,"version":1,"description":"UH"},{"id":4,"version":1,"description":"State"}],"closest":false,"year":2010,"holidayTypes":["UH","State"],"officialYear":2010,"observedDateFull":"January 01, 2010, Friday","officialDateFull":"January 01, 2010, Friday","officialDate":"2010-01-01","observedDate":"2010-01-01"},{"description":"Christmas","types":[{"id":3,"version":1,"description":"UH"},{"id":4,"version":1,"description":"State"}],"closest":false,"year":2009,"holidayTypes":["UH","State"],"officialYear":2009,"observedDateFull":"December 25, 2009, Friday","officialDateFull":"December 25, 2009, Friday","officialDate":"2009-12-25","observedDate":"2009-12-25"},{"description":"Thanksgiving","types":[{"id":3,"version":1,"description":"UH"},{"id":4,"version":1,"description":"State"}],"closest":false,"year":2009,"holidayTypes":["UH","State"],"officialYear":2009,"observedDateFull":"November 26, 2009, Thursday","officialDateFull":"November 26, 2009, Thursday","officialDate":"2009-11-26","observedDate":"2009-11-26"},{"description":"Veterans' Day","types":[{"id":3,"version":1,"description":"UH"},{"id":4,"version":1,"description":"State"}],"closest":false,"year":2009,"holidayTypes":["UH","State"],"officialYear":2009,"observedDateFull":"November 11, 2009, Wednesday","officialDateFull":"November 11, 2009, Wednesday","officialDate":"2009-11-11","observedDate":"2009-11-11"},{"description":"Labor Day","types":[{"id":3,"version":1,"description":"UH"},{"id":4,"version":1,"description":"State"}],"closest":false,"year":2009,"holidayTypes":["UH","State"],"officialYear":2009,"observedDateFull":"September 07, 2009, Monday","officialDateFull":"September 07, 2009, Monday","officialDate":"2009-09-07","observedDate":"2009-09-07"},{"description":"Statehood Day","types":[{"id":3,"version":1,"description":"UH"},{"id":4,"version":1,"description":"State"}],"closest":false,"year":2009,"holidayTypes":["UH","State"],"officialYear":2009,"observedDateFull":"August 21, 2009, Friday","officialDateFull":"August 21, 2009, Friday","officialDate":"2009-08-21","observedDate":"2009-08-21"},{"description":"Independence Day","types":[{"id":3,"version":1,"description":"UH"},{"id":4,"version":1,"description":"State"}],"closest":false,"year":2009,"holidayTypes":["UH","State"],"officialYear":2009,"observedDateFull":"July 03, 2009, Friday","officialDateFull":"July 04, 2009, Saturday","officialDate":"2009-07-04","observedDate":"2009-07-03"},{"description":"King Kamehameha I Day","types":[{"id":3,"version":1,"description":"UH"},{"id":4,"version":1,"description":"State"}],"closest":false,"year":2009,"holidayTypes":["UH","State"],"officialYear":2009,"observedDateFull":"June 11, 2009, Thursday","officialDateFull":"June 11, 2009, Thursday","officialDate":"2009-06-11","observedDate":"2009-06-11"},{"description":"Memorial Day","types":[{"id":3,"version":1,"description":"UH"},{"id":4,"version":1,"description":"State"}],"closest":false,"year":2009,"holidayTypes":["UH","State"],"officialYear":2009,"observedDateFull":"May 25, 2009, Monday","officialDateFull":"May 25, 2009, Monday","officialDate":"2009-05-25","observedDate":"2009-05-25"},{"description":"Good Friday","types":[{"id":3,"version":1,"description":"UH"},{"id":4,"version":1,"description":"State"}],"closest":false,"year":2009,"holidayTypes":["UH","State"],"officialYear":2009,"observedDateFull":"April 10, 2009, Friday","officialDateFull":"April 10, 2009, Friday","officialDate":"2009-04-10","observedDate":"2009-04-10"},{"description":"Prince Jonah Kuhio Kalanianaole Day","types":[{"id":3,"version":1,"description":"UH"},{"id":4,"version":1,"description":"State"}],"closest":false,"year":2009,"holidayTypes":["UH","State"],"officialYear":2009,"observedDateFull":"March 26, 2009, Thursday","officialDateFull":"March 26, 2009, Thursday","officialDate":"2009-03-26","observedDate":"2009-03-26"},{"description":"Presidents' Day","types":[{"id":3,"version":1,"description":"UH"},{"id":4,"version":1,"description":"State"}],"closest":false,"year":2009,"holidayTypes":["UH","State"],"officialYear":2009,"observedDateFull":"February 16, 2009, Monday","officialDateFull":"February 16, 2009, Monday","officialDate":"2009-02-16","observedDate":"2009-02-16"},{"description":"Dr. Martin Luther King, Jr. Day","types":[{"id":3,"version":1,"description":"UH"},{"id":4,"version":1,"description":"State"}],"closest":false,"year":2009,"holidayTypes":["UH","State"],"officialYear":2009,"observedDateFull":"January 19, 2009, Monday","officialDateFull":"January 19, 2009, Monday","officialDate":"2009-01-19","observedDate":"2009-01-19"},{"description":"New Year's Day","types":[{"id":3,"version":1,"description":"UH"},{"id":4,"version":1,"description":"State"}],"closest":false,"year":2009,"holidayTypes":["UH","State"],"officialYear":2009,"observedDateFull":"January 01, 2009, Thursday","officialDateFull":"January 01, 2009, Thursday","officialDate":"2009-01-01","observedDate":"2009-01-01"},{"description":"Christmas","types":[{"id":3,"version":1,"description":"UH"},{"id":4,"version":1,"description":"State"}],"closest":false,"year":2008,"holidayTypes":["UH","State"],"officialYear":2008,"observedDateFull":"December 25, 2008, Thursday","officialDateFull":"December 25, 2008, Thursday","officialDate":"2008-12-25","observedDate":"2008-12-25"},{"description":"Thanksgiving","types":[{"id":3,"version":1,"description":"UH"},{"id":4,"version":1,"description":"State"}],"closest":false,"year":2008,"holidayTypes":["UH","State"],"officialYear":2008,"observedDateFull":"November 27, 2008, Thursday","officialDateFull":"November 27, 2008, Thursday","officialDate":"2008-11-27","observedDate":"2008-11-27"},{"description":"Veterans' Day","types":[{"id":3,"version":1,"description":"UH"},{"id":4,"version":1,"description":"State"}],"closest":false,"year":2008,"holidayTypes":["UH","State"],"officialYear":2008,"observedDateFull":"November 11, 2008, Tuesday","officialDateFull":"November 11, 2008, Tuesday","officialDate":"2008-11-11","observedDate":"2008-11-11"},{"description":"General Election Day","types":[{"id":3,"version":1,"description":"UH"},{"id":4,"version":1,"description":"State"}],"closest":false,"year":2008,"holidayTypes":["UH","State"],"officialYear":2008,"observedDateFull":"November 04, 2008, Tuesday","officialDateFull":"November 04, 2008, Tuesday","officialDate":"2008-11-04","observedDate":"2008-11-04"},{"description":"Labor Day","types":[{"id":3,"version":1,"description":"UH"},{"id":4,"version":1,"description":"State"}],"closest":false,"year":2008,"holidayTypes":["UH","State"],"officialYear":2008,"observedDateFull":"September 01, 2008, Monday","officialDateFull":"September 01, 2008, Monday","officialDate":"2008-09-01","observedDate":"2008-09-01"},{"description":"Statehood Day","types":[{"id":3,"version":1,"description":"UH"},{"id":4,"version":1,"description":"State"}],"closest":false,"year":2008,"holidayTypes":["UH","State"],"officialYear":2008,"observedDateFull":"August 15, 2008, Friday","officialDateFull":"August 15, 2008, Friday","officialDate":"2008-08-15","observedDate":"2008-08-15"},{"description":"Independence Day","types":[{"id":3,"version":1,"description":"UH"},{"id":4,"version":1,"description":"State"}],"closest":false,"year":2008,"holidayTypes":["UH","State"],"officialYear":2008,"observedDateFull":"July 04, 2008, Friday","officialDateFull":"July 04, 2008, Friday","officialDate":"2008-07-04","observedDate":"2008-07-04"},{"description":"King Kamehameha I Day","types":[{"id":3,"version":1,"description":"UH"},{"id":4,"version":1,"description":"State"}],"closest":false,"year":2008,"holidayTypes":["UH","State"],"officialYear":2008,"observedDateFull":"June 11, 2008, Wednesday","officialDateFull":"June 11, 2008, Wednesday","officialDate":"2008-06-11","observedDate":"2008-06-11"},{"description":"Memorial Day","types":[{"id":3,"version":1,"description":"UH"},{"id":4,"version":1,"description":"State"}],"closest":false,"year":2008,"holidayTypes":["UH","State"],"officialYear":2008,"observedDateFull":"May 26, 2008, Monday","officialDateFull":"May 26, 2008, Monday","officialDate":"2008-05-26","observedDate":"2008-05-26"},{"description":"Prince Jonah Kuhio Kalanianaole Day","types":[{"id":3,"version":1,"description":"UH"},{"id":4,"version":1,"description":"State"}],"closest":false,"year":2008,"holidayTypes":["UH","State"],"officialYear":2008,"observedDateFull":"March 26, 2008, Wednesday","officialDateFull":"March 26, 2008, Wednesday","officialDate":"2008-03-26","observedDate":"2008-03-26"},{"description":"Good Friday","types":[{"id":3,"version":1,"description":"UH"},{"id":4,"version":1,"description":"State"}],"closest":false,"year":2008,"holidayTypes":["UH","State"],"officialYear":2008,"observedDateFull":"March 21, 2008, Friday","officialDateFull":"March 21, 2008, Friday","officialDate":"2008-03-21","observedDate":"2008-03-21"},{"description":"Presidents' Day","types":[{"id":3,"version":1,"description":"UH"},{"id":4,"version":1,"description":"State"}],"closest":false,"year":2008,"holidayTypes":["UH","State"],"officialYear":2008,"observedDateFull":"February 18, 2008, Monday","officialDateFull":"February 18, 2008, Monday","officialDate":"2008-02-18","observedDate":"2008-02-18"},{"description":"Dr. Martin Luther King, Jr. Day","types":[{"id":3,"version":1,"description":"UH"},{"id":4,"version":1,"description":"State"}],"closest":false,"year":2008,"holidayTypes":["UH","State"],"officialYear":2008,"observedDateFull":"January 21, 2008, Monday","officialDateFull":"January 21, 2008, Monday","officialDate":"2008-01-21","observedDate":"2008-01-21"},{"description":"New Year's Day","types":[{"id":3,"version":1,"description":"UH"},{"id":4,"version":1,"description":"State"}],"closest":false,"year":2008,"holidayTypes":["UH","State"],"officialYear":2008,"observedDateFull":"January 01, 2008, Tuesday","officialDateFull":"January 01, 2008, Tuesday","officialDate":"2008-01-01","observedDate":"2008-01-01"},{"description":"Christmas","types":[{"id":3,"version":1,"description":"UH"},{"id":4,"version":1,"description":"State"}],"closest":false,"year":2007,"holidayTypes":["UH","State"],"officialYear":2007,"observedDateFull":"December 25, 2007, Tuesday","officialDateFull":"December 25, 2007, Tuesday","officialDate":"2007-12-25","observedDate":"2007-12-25"},{"description":"Thanksgiving","types":[{"id":3,"version":1,"description":"UH"},{"id":4,"version":1,"description":"State"}],"closest":false,"year":2007,"holidayTypes":["UH","State"],"officialYear":2007,"observedDateFull":"November 22, 2007, Thursday","officialDateFull":"November 22, 2007, Thursday","officialDate":"2007-11-22","observedDate":"2007-11-22"},{"description":"Veterans' Day","types":[{"id":3,"version":1,"description":"UH"},{"id":4,"version":1,"description":"State"}],"closest":false,"year":2007,"holidayTypes":["UH","State"],"officialYear":2007,"observedDateFull":"November 12, 2007, Monday","officialDateFull":"November 11, 2007, Sunday","officialDate":"2007-11-11","observedDate":"2007-11-12"},{"description":"Labor Day","types":[{"id":3,"version":1,"description":"UH"},{"id":4,"version":1,"description":"State"}],"closest":false,"year":2007,"holidayTypes":["UH","State"],"officialYear":2007,"observedDateFull":"September 03, 2007, Monday","officialDateFull":"September 03, 2007, Monday","officialDate":"2007-09-03","observedDate":"2007-09-03"},{"description":"Statehood Day","types":[{"id":3,"version":1,"description":"UH"},{"id":4,"version":1,"description":"State"}],"closest":false,"year":2007,"holidayTypes":["UH","State"],"officialYear":2007,"observedDateFull":"August 17, 2007, Friday","officialDateFull":"August 17, 2007, Friday","officialDate":"2007-08-17","observedDate":"2007-08-17"},{"description":"Independence Day","types":[{"id":3,"version":1,"description":"UH"},{"id":4,"version":1,"description":"State"}],"closest":false,"year":2007,"holidayTypes":["UH","State"],"officialYear":2007,"observedDateFull":"July 04, 2007, Wednesday","officialDateFull":"July 04, 2007, Wednesday","officialDate":"2007-07-04","observedDate":"2007-07-04"},{"description":"King Kamehameha I Day","types":[{"id":3,"version":1,"description":"UH"},{"id":4,"version":1,"description":"State"}],"closest":false,"year":2007,"holidayTypes":["UH","State"],"officialYear":2007,"observedDateFull":"June 11, 2007, Monday","officialDateFull":"June 11, 2007, Monday","officialDate":"2007-06-11","observedDate":"2007-06-11"},{"description":"Memorial Day","types":[{"id":3,"version":1,"description":"UH"},{"id":4,"version":1,"description":"State"}],"closest":false,"year":2007,"holidayTypes":["UH","State"],"officialYear":2007,"observedDateFull":"May 28, 2007, Monday","officialDateFull":"May 28, 2007, Monday","officialDate":"2007-05-28","observedDate":"2007-05-28"},{"description":"Good Friday","types":[{"id":3,"version":1,"description":"UH"},{"id":4,"version":1,"description":"State"}],"closest":false,"year":2007,"holidayTypes":["UH","State"],"officialYear":2007,"observedDateFull":"April 06, 2007, Friday","officialDateFull":"April 06, 2007, Friday","officialDate":"2007-04-06","observedDate":"2007-04-06"},{"description":"Prince Jonah Kuhio Kalanianaole Day","types":[{"id":3,"version":1,"description":"UH"},{"id":4,"version":1,"description":"State"}],"closest":false,"year":2007,"holidayTypes":["UH","State"],"officialYear":2007,"observedDateFull":"March 26, 2007, Monday","officialDateFull":"March 26, 2007, Monday","officialDate":"2007-03-26","observedDate":"2007-03-26"},{"description":"Presidents' Day","types":[{"id":3,"version":1,"description":"UH"},{"id":4,"version":1,"description":"State"}],"closest":false,"year":2007,"holidayTypes":["UH","State"],"officialYear":2007,"observedDateFull":"February 19, 2007, Monday","officialDateFull":"February 19, 2007, Monday","officialDate":"2007-02-19","observedDate":"2007-02-19"},{"description":"Dr. Martin Luther King, Jr. Day","types":[{"id":3,"version":1,"description":"UH"},{"id":4,"version":1,"description":"State"}],"closest":false,"year":2007,"holidayTypes":["UH","State"],"officialYear":2007,"observedDateFull":"January 15, 2007, Monday","officialDateFull":"January 15, 2007, Monday","officialDate":"2007-01-15","observedDate":"2007-01-15"},{"description":"New Year's Day","types":[{"id":3,"version":1,"description":"UH"},{"id":4,"version":1,"description":"State"}],"closest":false,"year":2007,"holidayTypes":["UH","State"],"officialYear":2007,"observedDateFull":"January 01, 2007, Monday","officialDateFull":"January 01, 2007, Monday","officialDate":"2007-01-01","observedDate":"2007-01-01"},{"description":"Christmas","types":[{"id":3,"version":1,"description":"UH"},{"id":4,"version":1,"description":"State"}],"closest":false,"year":2006,"holidayTypes":["UH","State"],"officialYear":2006,"observedDateFull":"December 25, 2006, Monday","officialDateFull":"December 25, 2006, Monday","officialDate":"2006-12-25","observedDate":"2006-12-25"},{"description":"Thanksgiving","types":[{"id":3,"version":1,"description":"UH"},{"id":4,"version":1,"description":"State"}],"closest":false,"year":2006,"holidayTypes":["UH","State"],"officialYear":2006,"observedDateFull":"November 23, 2006, Thursday","officialDateFull":"November 23, 2006, Thursday","officialDate":"2006-11-23","observedDate":"2006-11-23"},{"description":"Veterans' Day","types":[{"id":3,"version":1,"description":"UH"},{"id":4,"version":1,"description":"State"}],"closest":false,"year":2006,"holidayTypes":["UH","State"],"officialYear":2006,"observedDateFull":"November 10, 2006, Friday","officialDateFull":"November 11, 2006, Saturday","officialDate":"2006-11-11","observedDate":"2006-11-10"},{"description":"General Election Day","types":[{"id":3,"version":1,"description":"UH"},{"id":4,"version":1,"description":"State"}],"closest":false,"year":2006,"holidayTypes":["UH","State"],"officialYear":2006,"observedDateFull":"November 07, 2006, Tuesday","officialDateFull":"November 07, 2006, Tuesday","officialDate":"2006-11-07","observedDate":"2006-11-07"},{"description":"Labor Day","types":[{"id":3,"version":1,"description":"UH"},{"id":4,"version":1,"description":"State"}],"closest":false,"year":2006,"holidayTypes":["UH","State"],"officialYear":2006,"observedDateFull":"September 04, 2006, Monday","officialDateFull":"September 04, 2006, Monday","officialDate":"2006-09-04","observedDate":"2006-09-04"},{"description":"Statehood Day","types":[{"id":3,"version":1,"description":"UH"},{"id":4,"version":1,"description":"State"}],"closest":false,"year":2006,"holidayTypes":["UH","State"],"officialYear":2006,"observedDateFull":"August 18, 2006, Friday","officialDateFull":"August 18, 2006, Friday","officialDate":"2006-08-18","observedDate":"2006-08-18"},{"description":"Independence Day","types":[{"id":3,"version":1,"description":"UH"},{"id":4,"version":1,"description":"State"}],"closest":false,"year":2006,"holidayTypes":["UH","State"],"officialYear":2006,"observedDateFull":"July 04, 2006, Tuesday","officialDateFull":"July 04, 2006, Tuesday","officialDate":"2006-07-04","observedDate":"2006-07-04"},{"description":"King Kamehameha I Day","types":[{"id":3,"version":1,"description":"UH"},{"id":4,"version":1,"description":"State"}],"closest":false,"year":2006,"holidayTypes":["UH","State"],"officialYear":2006,"observedDateFull":"June 12, 2006, Monday","officialDateFull":"June 11, 2006, Sunday","officialDate":"2006-06-11","observedDate":"2006-06-12"},{"description":"Memorial Day","types":[{"id":3,"version":1,"description":"UH"},{"id":4,"version":1,"description":"State"}],"closest":false,"year":2006,"holidayTypes":["UH","State"],"officialYear":2006,"observedDateFull":"May 29, 2006, Monday","officialDateFull":"May 29, 2006, Monday","officialDate":"2006-05-29","observedDate":"2006-05-29"},{"description":"Good Friday","types":[{"id":3,"version":1,"description":"UH"},{"id":4,"version":1,"description":"State"}],"closest":false,"year":2006,"holidayTypes":["UH","State"],"officialYear":2006,"observedDateFull":"April 14, 2006, Friday","officialDateFull":"April 14, 2006, Friday","officialDate":"2006-04-14","observedDate":"2006-04-14"},{"description":"Prince Jonah Kuhio Kalanianaole Day","types":[{"id":3,"version":1,"description":"UH"},{"id":4,"version":1,"description":"State"}],"closest":false,"year":2006,"holidayTypes":["UH","State"],"officialYear":2006,"observedDateFull":"March 27, 2006, Monday","officialDateFull":"March 27, 2006, Monday","officialDate":"2006-03-27","observedDate":"2006-03-27"},{"description":"Presidents' Day","types":[{"id":3,"version":1,"description":"UH"},{"id":4,"version":1,"description":"State"}],"closest":false,"year":2006,"holidayTypes":["UH","State"],"officialYear":2006,"observedDateFull":"February 20, 2006, Monday","officialDateFull":"February 20, 2006, Monday","officialDate":"2006-02-20","observedDate":"2006-02-20"},{"description":"Dr. Martin Luther King, Jr. Day","types":[{"id":3,"version":1,"description":"UH"},{"id":4,"version":1,"description":"State"}],"closest":false,"year":2006,"holidayTypes":["UH","State"],"officialYear":2006,"observedDateFull":"January 16, 2006, Monday","officialDateFull":"January 16, 2006, Monday","officialDate":"2006-01-16","observedDate":"2006-01-16"},{"description":"New Year's Day","types":[{"id":3,"version":1,"description":"UH"},{"id":4,"version":1,"description":"State"}],"closest":false,"year":2006,"holidayTypes":["UH","State"],"officialYear":2006,"observedDateFull":"January 02, 2006, Monday","officialDateFull":"January 01, 2006, Sunday","officialDate":"2006-01-01","observedDate":"2006-01-02"}]